#{"t_start": 1775585549.7328336, "env_id": "None"}
r,l,t
-6.0,10,1.265571
-5.0,10,1.267075
2.0,10,1.268527
-1.0,10,1.269931
-6.0,10,1.273534
7.0,10,1.275274
1.0,10,1.276834
2.0,10,1.278264
-8.0,10,1.281944
2.0,10,1.283484
1.0,10,1.284903
2.0,10,1.286289
-4.0,10,1.290212
-4.0,10,1.291771
-4.0,10,1.293278
-2.0,10,1.294714
-5.0,10,1.298626
-1.0,10,1.300293
4.0,10,1.301737
-2.0,10,1.303134
0.0,10,1.331387
-2.0,10,1.355569
-1.0,10,1.383615
-8.0,10,1.41042
7.0,10,1.444405
-3.0,10,1.470942
3.0,10,1.497693
-5.0,10,1.528867
1.0,10,1.563299
0.0,10,1.591923
6.0,10,1.628181
1.0,10,1.658554
-8.0,10,1.698482
-4.0,10,1.725067
0.0,10,1.748769
7.0,10,1.775807
-5.0,10,1.805638
4.0,10,1.833022
0.0,10,1.863739
2.0,10,1.886405
-4.0,10,1.913348
-5.0,10,1.936244
-6.0,10,1.961947
-4.0,10,1.986532
-6.0,10,2.016041
1.0,10,2.045698
0.0,10,2.070045
1.0,10,2.094213
-5.0,10,2.124095
-1.0,10,2.146206
-1.0,10,2.16562
0.0,10,2.1864
2.0,10,2.216698
-3.0,10,2.237599
-4.0,10,2.265249
-3.0,10,2.288272
-6.0,10,2.317509
4.0,10,2.344438
-1.0,10,2.370202
5.0,10,2.397917
-4.0,10,2.430175
-3.0,10,2.457238
1.0,10,2.487726
-4.0,10,2.516639
-4.0,10,2.552553
-3.0,10,2.579951
4.0,10,2.621663
3.0,10,2.673479
1.0,10,2.704629
-3.0,10,2.729947
-1.0,10,2.755616
7.0,10,2.785179
5.0,10,2.8245
1.0,10,2.856174
4.0,10,2.886386
-5.0,10,2.921732
1.0,10,2.967637
-6.0,10,3.0106
-3.0,10,3.040376
2.0,10,3.073982
-2.0,10,3.124293
-2.0,10,3.17588
-1.0,10,3.208077
4.0,10,3.236538
0.0,10,3.267067
4.0,10,3.294717
7.0,10,3.320529
-1.0,10,3.344992
4.0,10,3.37499
-2.0,10,3.401878
6.0,10,3.429931
-1.0,10,3.457511
-7.0,10,3.489394
1.0,10,3.514283
4.0,10,3.539016
-2.0,10,3.563524
-4.0,10,3.599424
4.0,10,3.627231
3.0,10,3.652791
6.0,10,3.68017
-7.0,10,3.717841
-3.0,10,3.750508
4.0,10,3.775846
2.0,10,3.804496
7.0,10,3.835674
0.0,10,3.862772
0.0,10,3.894965
-7.0,10,3.925352
0.0,10,3.957195
2.0,10,3.985068
2.0,10,4.015952
0.0,10,4.045051
-2.0,10,4.081014
1.0,10,4.111865
-3.0,10,4.137839
-6.0,10,4.162112
-2.0,10,4.190042
5.0,10,4.214157
-1.0,10,4.238122
2.0,10,4.26436
1.0,10,4.292964
3.0,10,4.319014
-3.0,10,4.34598
9.0,10,4.375556
3.0,10,4.407189
-4.0,10,4.431358
4.0,10,4.458498
1.0,10,4.486253
7.0,10,4.514595
1.0,10,4.541329
-2.0,10,4.565987
3.0,10,4.588653
-5.0,10,4.619244
1.0,10,4.64164
4.0,10,4.66703
7.0,10,4.693735
-6.0,10,4.719865
1.0,10,4.745028
-3.0,10,4.773207
5.0,10,4.798179
11.0,10,4.828607
1.0,10,4.8546
3.0,10,4.880844
4.0,10,4.900766
6.0,10,4.929253
11.0,10,4.953044
1.0,10,4.978499
1.0,10,5.00254
3.0,10,5.032007
-2.0,10,5.053803
5.0,10,5.077472
7.0,10,5.103405
1.0,10,5.135909
9.0,10,5.163353
4.0,10,5.188322
1.0,10,5.215607
-1.0,10,5.242604
13.0,10,5.265005
-1.0,10,5.289847
1.0,10,5.316463
-3.0,10,5.340783
7.0,10,5.366176
4.0,10,5.392208
5.0,10,5.418942
0.0,10,5.446264
4.0,10,5.470746
1.0,10,5.494611
1.0,10,5.520883
4.0,10,5.547449
4.0,10,5.572526
-4.0,10,5.597533
8.0,10,5.621292
5.0,10,5.652542
7.0,10,5.676951
3.0,10,5.697807
7.0,10,5.720866
7.0,10,5.74876
6.0,10,5.772774
3.0,10,5.798253
4.0,10,5.825146
9.0,10,5.857595
9.0,10,5.885664
3.0,10,5.914073
0.0,10,5.938955
3.0,10,5.969407
2.0,10,5.996006
1.0,10,6.02108
5.0,10,6.051303
6.0,10,6.084911
4.0,10,6.121554
10.0,10,6.164442
-8.0,10,6.204854
7.0,10,6.266042
3.0,10,6.326068
3.0,10,6.375108
3.0,10,6.428931
3.0,10,6.4782
8.0,10,6.509589
9.0,10,6.549615
6.0,10,6.587575
4.0,10,6.624898
2.0,10,6.66245
4.0,10,6.69152
9.0,10,6.722799
6.0,10,6.755762
6.0,10,6.785464
7.0,10,6.81546
9.0,10,6.842469
8.0,10,6.87596
5.0,10,6.902577
11.0,10,6.934116
5.0,10,6.965694
5.0,10,7.005101
3.0,10,7.035756
6.0,10,7.067608
6.0,10,7.099148
3.0,10,7.131915
9.0,10,7.161478
5.0,10,7.188869
9.0,10,7.219641
4.0,10,7.256204
9.0,10,7.287495
9.0,10,7.314454
6.0,10,7.342438
3.0,10,7.375446
4.0,10,7.409013
11.0,10,7.439202
8.0,10,7.469431
11.0,10,7.502507
9.0,10,7.532351
3.0,10,7.563808
11.0,10,7.598782
4.0,10,7.64272
7.0,10,7.673511
6.0,10,7.706534
7.0,10,7.73929
8.0,10,7.777356
9.0,10,7.804429
8.0,10,7.831097
8.0,10,7.859186
4.0,10,7.894534
6.0,10,7.924468
11.0,10,7.959699
9.0,10,7.990627
8.0,10,8.097026
11.0,10,8.130096
7.0,10,8.169078
9.0,10,8.211635
10.0,10,8.269316
4.0,10,8.306247
3.0,10,8.343356
7.0,10,8.373903
8.0,10,8.404018
7.0,10,8.431473
5.0,10,8.469283
7.0,10,8.500434
4.0,10,8.533359
8.0,10,8.562973
8.0,10,8.58847
9.0,10,8.611572
10.0,10,8.64649
8.0,10,8.671888
4.0,10,8.699562
11.0,10,8.726513
7.0,10,8.755679
6.0,10,8.780105
7.0,10,8.807432
7.0,10,8.834949
9.0,10,8.868364
7.0,10,8.894542
13.0,10,8.921065
3.0,10,8.946758
11.0,10,8.978799
5.0,10,9.002889
6.0,10,9.028708
1.0,10,9.056314
8.0,10,9.092206
7.0,10,9.122493
13.0,10,9.151657
5.0,10,9.178763
13.0,10,9.213531
13.0,10,9.240871
9.0,10,9.263771
4.0,10,9.291408
9.0,10,9.32693
4.0,10,9.354745
9.0,10,9.379178
8.0,10,9.4052
7.0,10,9.436665
7.0,10,9.464275
10.0,10,9.48883
11.0,10,9.517902
3.0,10,9.547641
11.0,10,9.571825
8.0,10,9.601735
5.0,10,9.630723
4.0,10,9.664189
13.0,10,9.692006
10.0,10,9.720276
13.0,10,9.749881
13.0,10,9.783399
9.0,10,9.810946
9.0,10,9.837198
9.0,10,9.863567
13.0,10,9.896386
11.0,10,9.920987
13.0,10,9.951245
13.0,10,9.976483
5.0,10,10.005623
13.0,10,10.035653
8.0,10,10.063591
13.0,10,10.089509
13.0,10,10.12099
9.0,10,10.148888
10.0,10,10.176478
11.0,10,10.200283
11.0,10,10.23113
11.0,10,10.259269
13.0,10,10.285393
11.0,10,10.312656
13.0,10,10.347144
13.0,10,10.377057
7.0,10,10.40456
6.0,10,10.431296
11.0,10,10.462304
8.0,10,10.485574
13.0,10,10.509156
10.0,10,10.531486
8.0,10,10.563148
10.0,10,10.591075
13.0,10,10.615938
11.0,10,10.640922
11.0,10,10.675677
6.0,10,10.706134
11.0,10,10.736988
9.0,10,10.76406
11.0,10,10.795819
10.0,10,10.8205
4.0,10,10.848599
6.0,10,10.879027
13.0,10,10.908741
13.0,10,10.934111
4.0,10,10.95954
13.0,10,10.985179
9.0,10,11.010789
11.0,10,11.033103
3.0,10,11.063159
13.0,10,11.093692
13.0,10,11.122518
13.0,10,11.152538
11.0,10,11.180045
11.0,10,11.205802
13.0,10,11.233855
9.0,10,11.261751
13.0,10,11.286289
13.0,10,11.313566
10.0,10,11.342662
11.0,10,11.370394
9.0,10,11.398585
10.0,10,11.428566
9.0,10,11.462914
11.0,10,11.491477
10.0,10,11.514566
13.0,10,11.538673
8.0,10,11.570019
11.0,10,11.596614
13.0,10,11.623467
13.0,10,11.650932
6.0,10,11.680877
13.0,10,11.708011
13.0,10,11.737084
13.0,10,11.770125
13.0,10,11.800958
11.0,10,11.832041
11.0,10,11.861554
8.0,10,11.889113
13.0,10,11.918915
11.0,10,11.947521
8.0,10,11.974543
9.0,10,12.001786
11.0,10,12.033007
11.0,10,12.063172
13.0,10,12.089449
10.0,10,12.118787
13.0,10,12.149244
13.0,10,12.174856
8.0,10,12.203027
10.0,10,12.23098
8.0,10,12.257827
13.0,10,12.287526
10.0,10,12.311458
13.0,10,12.337572
13.0,10,12.367814
13.0,10,12.392874
13.0,10,12.416426
11.0,10,12.447146
13.0,10,12.482099
13.0,10,12.5106
13.0,10,12.536706
13.0,10,12.567106
13.0,10,12.604471
13.0,10,12.632829
13.0,10,12.661218
11.0,10,12.6889
11.0,10,12.721096
11.0,10,12.748737
13.0,10,12.772391
11.0,10,12.799499
13.0,10,12.827767
11.0,10,12.854906
13.0,10,12.882633
13.0,10,12.914102
13.0,10,12.952259
13.0,10,12.983858
13.0,10,13.012415
13.0,10,13.037212
13.0,10,13.064935
13.0,10,13.091979
13.0,10,13.117127
13.0,10,13.142975
13.0,10,13.173857
13.0,10,13.202464
11.0,10,13.228062
13.0,10,13.250138
11.0,10,13.283001
10.0,10,13.310984
13.0,10,13.339647
13.0,10,13.365352
13.0,10,13.394716
10.0,10,13.425329
13.0,10,13.453128
11.0,10,13.479837
13.0,10,13.507965
13.0,10,13.537782
13.0,10,13.570045
9.0,10,13.602564
11.0,10,13.640877
13.0,10,13.671244
13.0,10,13.698349
9.0,10,13.727535
13.0,10,13.757237
10.0,10,13.783035
10.0,10,13.80716
13.0,10,13.837723
9.0,10,13.864123
13.0,10,13.890709
11.0,10,13.919453
13.0,10,13.947956
13.0,10,13.984202
13.0,10,14.014059
11.0,10,14.042344
13.0,10,14.066601
13.0,10,14.099711
8.0,10,14.127568
13.0,10,14.155529
13.0,10,14.180453
13.0,10,14.214389
10.0,10,14.242952
13.0,10,14.272363
13.0,10,14.300743
9.0,10,14.333286
13.0,10,14.359136
13.0,10,14.385758
13.0,10,14.416701
13.0,10,14.450218
11.0,10,14.475841
13.0,10,14.502562
13.0,10,14.531273
13.0,10,14.563896
8.0,10,14.592608
11.0,10,14.621437
13.0,10,14.647845
7.0,10,14.68292
11.0,10,14.714538
13.0,10,14.747389
13.0,10,14.780375
13.0,10,14.813704
13.0,10,14.844332
13.0,10,14.871299
10.0,10,14.901688
13.0,10,14.932676
13.0,10,14.956697
13.0,10,14.984947
10.0,10,15.01533
11.0,10,15.048884
11.0,10,15.078834
13.0,10,15.10916
11.0,10,15.143231
13.0,10,15.177979
13.0,10,15.206081
13.0,10,15.235581
13.0,10,15.266462
13.0,10,15.300073
9.0,10,15.330885
13.0,10,15.360587
13.0,10,15.387735
13.0,10,15.419269
13.0,10,15.446525
13.0,10,15.478028
13.0,10,15.506251
13.0,10,15.536266
13.0,10,15.562575
11.0,10,15.590557
11.0,10,15.619168
13.0,10,15.649248
13.0,10,15.676871
10.0,10,15.703561
9.0,10,15.731348
10.0,10,15.764894
10.0,10,15.793072
13.0,10,15.821699
13.0,10,15.85414
13.0,10,15.887089
11.0,10,15.917518
13.0,10,15.946292
11.0,10,15.973094
13.0,10,16.010481
13.0,10,16.033325
13.0,10,16.060691
11.0,10,16.086058
11.0,10,16.119135
11.0,10,16.147365
13.0,10,16.179976
8.0,10,16.220229
13.0,10,16.291041
11.0,10,16.336197
13.0,10,16.368866
13.0,10,16.39899
13.0,10,16.455791
13.0,10,16.496686
13.0,10,16.524862
11.0,10,16.550625
13.0,10,16.582292
13.0,10,16.605891
13.0,10,16.631706
13.0,10,16.657829
13.0,10,16.688612
13.0,10,16.713677
13.0,10,16.737463
13.0,10,16.762025
13.0,10,16.795856
13.0,10,16.827221
13.0,10,16.853653
11.0,10,16.885399
13.0,10,16.920006
13.0,10,16.946327
13.0,10,16.978798
13.0,10,17.008214
13.0,10,17.043655
13.0,10,17.07125
13.0,10,17.100879
11.0,10,17.12544
13.0,10,17.155657
13.0,10,17.177563
13.0,10,17.197973
13.0,10,17.222258
11.0,10,17.254002
13.0,10,17.285919
13.0,10,17.316192
13.0,10,17.349194
13.0,10,17.381498
13.0,10,17.410596
13.0,10,17.43908
13.0,10,17.469132
13.0,10,17.50192
13.0,10,17.52954
10.0,10,17.559494
11.0,10,17.584215
11.0,10,17.616956
10.0,10,17.6434
13.0,10,17.672242
13.0,10,17.697993
13.0,10,17.729478
13.0,10,17.753986
10.0,10,17.78196
13.0,10,17.809022
13.0,10,17.839682
10.0,10,17.866548
13.0,10,17.893915
13.0,10,17.919491
8.0,10,17.9533
13.0,10,17.984917
13.0,10,18.017593
11.0,10,18.046263
11.0,10,18.082795
13.0,10,18.109542
13.0,10,18.137377
13.0,10,18.165086
13.0,10,18.198294
13.0,10,18.225899
10.0,10,18.255848
13.0,10,18.291279
13.0,10,18.324569
10.0,10,18.350131
13.0,10,18.383302
13.0,10,18.412872
11.0,10,18.446564
9.0,10,18.470428
13.0,10,18.495535
11.0,10,18.519457
13.0,10,18.55316
13.0,10,18.57804
13.0,10,18.607934
13.0,10,18.63884
13.0,10,18.669155
13.0,10,18.693521
13.0,10,18.721173
13.0,10,18.750146
13.0,10,18.780076
13.0,10,18.804818
9.0,10,18.829215
13.0,10,18.855261
13.0,10,18.885423
13.0,10,18.911356
13.0,10,18.9367
11.0,10,18.963984
13.0,10,18.999883
13.0,10,19.029869
13.0,10,19.057109
13.0,10,19.084189
11.0,10,19.117969
7.0,10,19.144192
11.0,10,19.170137
11.0,10,19.20069
13.0,10,19.239024
13.0,10,19.266493
13.0,10,19.293349
13.0,10,19.326189
13.0,10,19.359746
13.0,10,19.387241
13.0,10,19.412642
13.0,10,19.443368
13.0,10,19.477739
11.0,10,19.508929
13.0,10,19.542163
13.0,10,19.567249
13.0,10,19.59787
13.0,10,19.623817
13.0,10,19.649436
13.0,10,19.675916
10.0,10,19.712629
13.0,10,19.738026
11.0,10,19.767872
11.0,10,19.798433
10.0,10,19.828357
13.0,10,19.857465
13.0,10,19.885008
11.0,10,19.913086
11.0,10,19.945102
13.0,10,19.970361
13.0,10,19.996465
13.0,10,20.02113
11.0,10,20.05384
13.0,10,20.083343
13.0,10,20.108924
13.0,10,20.138341
13.0,10,20.169183
13.0,10,20.196627
13.0,10,20.226741
10.0,10,20.255804
13.0,10,20.286312
11.0,10,20.315098
9.0,10,20.344753
13.0,10,20.369039
13.0,10,20.40109
13.0,10,20.428344
13.0,10,20.455303
13.0,10,20.479175
11.0,10,20.511222
13.0,10,20.534266
13.0,10,20.565241
13.0,10,20.593193
13.0,10,20.626893
11.0,10,20.652532
13.0,10,20.678499
10.0,10,20.705305
13.0,10,20.734317
10.0,10,20.762345
13.0,10,20.788222
13.0,10,20.815398
13.0,10,20.84484
11.0,10,20.870456
13.0,10,20.892391
13.0,10,20.916153
13.0,10,20.945011
13.0,10,20.969902
13.0,10,20.994076
13.0,10,21.020295
13.0,10,21.051999
13.0,10,21.07789
13.0,10,21.105739
13.0,10,21.133113
11.0,10,21.164066
13.0,10,21.187857
13.0,10,21.212875
13.0,10,21.235587
11.0,10,21.267946
13.0,10,21.295794
13.0,10,21.321677
10.0,10,21.349447
11.0,10,21.384215
13.0,10,21.409246
13.0,10,21.438865
13.0,10,21.464209
13.0,10,21.496654
13.0,10,21.526172
13.0,10,21.555594
10.0,10,21.580908
13.0,10,21.611448
13.0,10,21.640978
11.0,10,21.666828
10.0,10,21.694207
13.0,10,21.728789
13.0,10,21.760097
13.0,10,21.782258
13.0,10,21.81115
13.0,10,21.845322
13.0,10,21.875766
13.0,10,21.901634
11.0,10,21.927768
10.0,10,21.96212
13.0,10,21.993894
13.0,10,22.023399
11.0,10,22.049254
13.0,10,22.082212
13.0,10,22.111473
11.0,10,22.139992
13.0,10,22.166037
13.0,10,22.196978
13.0,10,22.226262
9.0,10,22.253163
13.0,10,22.277717
13.0,10,22.306288
13.0,10,22.334611
13.0,10,22.360098
13.0,10,22.38631
10.0,10,22.422005
13.0,10,22.451696
13.0,10,22.481008
13.0,10,22.508631
13.0,10,22.541965
13.0,10,22.566247
13.0,10,22.592129
10.0,10,22.617959
13.0,10,22.649674
13.0,10,22.677993
13.0,10,22.707218
13.0,10,22.734113
13.0,10,22.767646
11.0,10,22.796476
13.0,10,22.821816
13.0,10,22.85429
13.0,10,22.88996
13.0,10,22.916416
10.0,10,22.945537
13.0,10,22.972543
13.0,10,23.005796
13.0,10,23.031957
13.0,10,23.060478
13.0,10,23.090043
11.0,10,23.12186
10.0,10,23.149432
13.0,10,23.177095
13.0,10,23.199012
13.0,10,23.228218
10.0,10,23.255754
10.0,10,23.280856
13.0,10,23.310085
13.0,10,23.337264
13.0,10,23.365409
13.0,10,23.390165
13.0,10,23.416333
13.0,10,23.450235
13.0,10,23.480476
13.0,10,23.506912
13.0,10,23.534282
13.0,10,23.565394
13.0,10,23.603557
13.0,10,23.668342
13.0,10,23.695116
13.0,10,23.728502
13.0,10,23.760229
13.0,10,23.784572
13.0,10,23.809694
10.0,10,23.839007
8.0,10,23.868344
13.0,10,23.903789
13.0,10,23.934497
11.0,10,23.965848
13.0,10,23.993364
13.0,10,24.027679
13.0,10,24.056003
13.0,10,24.084686
10.0,10,24.110977
13.0,10,24.137444
13.0,10,24.165346
13.0,10,24.197863
10.0,10,24.222567
13.0,10,24.251478
13.0,10,24.277562
13.0,10,24.312904
13.0,10,24.343583
13.0,10,24.371751
13.0,10,24.399556
13.0,10,24.435711
11.0,10,24.469131
10.0,10,24.499049
9.0,10,24.527625
13.0,10,24.563532
13.0,10,24.597332
13.0,10,24.624933
13.0,10,24.650863
13.0,10,24.685619
11.0,10,24.72189
11.0,10,24.752603
13.0,10,24.781452
13.0,10,24.846311
13.0,10,24.893302
9.0,10,24.927055
13.0,10,24.957912
13.0,10,25.000231
13.0,10,25.035645
13.0,10,25.068182
11.0,10,25.096138
13.0,10,25.131962
13.0,10,25.163994
13.0,10,25.195378
13.0,10,25.230854
13.0,10,25.262879
13.0,10,25.292203
11.0,10,25.322492
13.0,10,25.355527
13.0,10,25.385503
13.0,10,25.41496
11.0,10,25.445516
13.0,10,25.47558
13.0,10,25.505237
10.0,10,25.534804
13.0,10,25.565983
13.0,10,25.595807
13.0,10,25.628798
13.0,10,25.655043
11.0,10,25.686407
13.0,10,25.717133
11.0,10,25.755193
13.0,10,25.782092
13.0,10,25.813116
13.0,10,25.84444
13.0,10,25.88046
13.0,10,25.906366
13.0,10,25.93524
13.0,10,25.964564
13.0,10,26.005665
13.0,10,26.036664
11.0,10,26.067334
13.0,10,26.102094
11.0,10,26.146907
9.0,10,26.184464
13.0,10,26.216986
13.0,10,26.251416
13.0,10,26.289606
13.0,10,26.321809
13.0,10,26.349754
13.0,10,26.382166
13.0,10,26.416559
13.0,10,26.445212
10.0,10,26.472396
13.0,10,26.505056
11.0,10,26.553253
13.0,10,26.584266
6.0,10,26.616043
11.0,10,26.648678
13.0,10,26.684122
13.0,10,26.726574
11.0,10,26.75613
13.0,10,26.788977
13.0,10,26.828228
13.0,10,26.857099
13.0,10,26.886962
13.0,10,26.913672
13.0,10,26.94744
13.0,10,26.975791
13.0,10,27.002218
13.0,10,27.02883
11.0,10,27.061452
7.0,10,27.08499
11.0,10,27.113395
13.0,10,27.143809
13.0,10,27.176991
13.0,10,27.208891
13.0,10,27.233019
13.0,10,27.262334
13.0,10,27.296896
13.0,10,27.323021
13.0,10,27.34779
13.0,10,27.37325
13.0,10,27.405066
13.0,10,27.429961
13.0,10,27.454775
13.0,10,27.482927
13.0,10,27.514557
13.0,10,27.545205
13.0,10,27.570728
13.0,10,27.5966
9.0,10,27.627723
13.0,10,27.65515
13.0,10,27.681802
11.0,10,27.708203
11.0,10,27.735954
13.0,10,27.7623
11.0,10,27.785443
13.0,10,27.813541
13.0,10,27.844467
11.0,10,27.873167
9.0,10,27.898772
11.0,10,27.926398
13.0,10,27.958917
11.0,10,27.984447
13.0,10,28.01489
13.0,10,28.04253
13.0,10,28.085089
13.0,10,28.115244
13.0,10,28.142861
13.0,10,28.172929
13.0,10,28.20625
13.0,10,28.237242
13.0,10,28.264501
8.0,10,28.287581
13.0,10,28.324594
13.0,10,28.35549
11.0,10,28.387872
10.0,10,28.414904
10.0,10,28.44675
11.0,10,28.472476
13.0,10,28.499868
13.0,10,28.527639
13.0,10,28.556674
11.0,10,28.584338
8.0,10,28.609615
13.0,10,28.64183
11.0,10,28.681368
13.0,10,28.71184
13.0,10,28.739061
11.0,10,28.7715
13.0,10,28.80243
11.0,10,28.830858
13.0,10,28.855862
9.0,10,28.882487
13.0,10,28.916885
13.0,10,28.947264
13.0,10,28.975146
13.0,10,29.009207
11.0,10,29.039827
11.0,10,29.067612
13.0,10,29.095381
13.0,10,29.125599
13.0,10,29.157469
13.0,10,29.184511
13.0,10,29.212386
13.0,10,29.240979
11.0,10,29.270449
13.0,10,29.300746
13.0,10,29.328614
13.0,10,29.36108
13.0,10,29.398155
13.0,10,29.427511
10.0,10,29.45593
11.0,10,29.484807
10.0,10,29.520657
13.0,10,29.551959
13.0,10,29.577099
10.0,10,29.603395
13.0,10,29.635799
13.0,10,29.662791
11.0,10,29.689139
9.0,10,29.717148
11.0,10,29.751475
13.0,10,29.777673
11.0,10,29.80348
10.0,10,29.827871
13.0,10,29.861558
13.0,10,29.887003
13.0,10,29.910772
11.0,10,29.937838
13.0,10,29.975243
13.0,10,30.009161
9.0,10,30.036797
10.0,10,30.061792
13.0,10,30.09648
11.0,10,30.126924
13.0,10,30.153577
13.0,10,30.180446
11.0,10,30.216892
10.0,10,30.246267
13.0,10,30.273606
13.0,10,30.302899
13.0,10,30.333719
13.0,10,30.363751
13.0,10,30.388493
13.0,10,30.41837
